<?xml version="1.0" encoding="UTF-8" ?>
<!DOCTYPE mapper
  PUBLIC "-//mybatis.org//DTD Mapper 3.0//EN"
  "http://mybatis.org/dtd/mybatis-3-mapper.dtd">
   <!-- namespace는 절대로 중복되서는 안된다.  -->
<mapper namespace="com.day.dto.CustomerMapper">
<insert id="insert" parameterType="customer" ><!-- RESULTTYPE이 필요없다. insert, update, delete  -->
INSERT INTO customer(id, pwd, name, buildingno, enabled)
VALUES (#{id}, #{pwd}, #{name}, #{buildingno}, 1)
</insert>

<update id="update" parameterType="customer">

UPDATE customer
<set>
<if test="enabled > -1 ">enabled=#{enabled},</if>
<if test="pwd !=null and pwd != ''" >pwd=#{pwd},</if>
<if test="name !=null and name != ''" >name=#{name},</if>
<if test="buildingno !=null and buildingno != ''" >buildingno=#{buildingno},</if>
</set>
WHERE id=#{id}

</update>

<delete id = "delete" parameterType="string">
delete from customer where id=#{id}

</delete>
<select id="selectById" parameterType="java.lang.String" resultType="customer">
	select * from customer where id = #{id}
</select>
</mapper> 
 