<?xml version="1.0" encoding="UTF-8" ?>
<!DOCTYPE configuration
  PUBLIC "-//mybatis.org//DTD Config 3.0//EN"
  "http://mybatis.org/dtd/mybatis-3-config.dtd">
<configuration>
	<settings>
		<setting name="jdbcTypeForNull" value="NULL"/>
	</settings>
  <typeAliases>
  	<typeAlias type="com.day.dto.Customer" alias="customer"/>
  	<typeAlias type="com.day.dto.Product" alias="product"/>
  	<typeAlias type="com.day.dto.OrderInfo" alias="orderinfo"/>
  	<typeAlias type="com.day.dto.OrderLine" alias="orderline"/>
  </typeAliases>
 <!--  <environments default="development">
    <environment id="development">
      <transactionManager type="JDBC"/>
      <dataSource type="POOLED">
        <property name="driver" value="${driver}"/>
        <property name="url" value="${url}"/>
        <property name="username" value="${username}"/>
        <property name="password" value="${password}"/>
        <property name="driver" value="oracle.jdbc.driver.OracleDriver"/>
        <property name="url" value="jdbc:oracle:thin:@localhost:1521:xe"/>
        <property name="username" value="hr"/>
        <property name="password" value="hr"/>
      </dataSource>
    </environment>
  </environments> --> <!-- root-context에서 설정을 해주었기 때문에 필요가 없다.?? 맞나.?  -->
  <mappers>
    <!-- <mapper resource="org/mybatis/example/BlogMapper.xml"/> -->
  <mapper resource="mybatisConfig/ProductMapper.xml"/>
  <mapper resource="mybatisConfig/CustomerMapper.xml"/>
  <mapper resource="mybatisConfig/OrderMapper.xml"/>
  </mappers>
</configuration>
