<?xml version="1.0" encoding="UTF-8" ?>
<!DOCTYPE mapper
  PUBLIC "-//mybatis.org//DTD Mapper 3.0//EN"
  "http://mybatis.org/dtd/mybatis-3-mapper.dtd">
<mapper namespace="com.day.dto.ProductMapper"> <!-- 다른 mappertype 과 구별만 될수 있게 만들자  -->
  <select id="selectByNo" parameterType = "java.lang.String" resultType="product"><!-- 소문자 스트링도 가능! resulttype 각 행("entity에 해당하는 자료형")	-->
    select * from product where prod_no = #{aaa} <!-- #{aaa} 문자열을 대신하는 것  따옴표가 따로 필요가 없다.  -->
  </select>
  <select id="selectAll" resultType = "product">
    SELECT * FROM Product ORDER BY prod_no ASC	
  </select>
  <select id="selectAllPage" parameterType="java.util.HashMap" resultType = "product"><!-- 파라미터가 여러개인경우  -->
	SELECT * 
	FROM (
 		SELECT rownum rn, a.* 
    	FROM (
     			SELECT *
     			FROM product  
     			ORDER BY prod_no ASC ) a
)
WHERE rn BETWEEN START_ROW(#{currentPage}, #{cnt_per_page}) AND  
                 END_ROW(#{currentPage},   #{cnt_per_page})  
  </select>
<!--   <select id="selectByName" parameterType="string" resultType = "com.day.dto.Product"> -->
  <!-- SELECT * FROM product where prod_name LIKE #{word} order by prod_no -->
  <!-- SELECT * FROM product where prod_name LIKE '%${word}%' order by prod_no -->
  <select id="selectByName" parameterType="hashmap" resultType = "product">
  SELECT * FROM product where prod_name LIKE '%${word}%' order by ${ordermethod} <!-- ${word}는 sql구문을 대신하는 것이기 때문에 ''을 입력해줘야한다. -->
  </select>
</mapper>