<?xml version="1.0" encoding="UTF-8" ?>
<!DOCTYPE mapper
  PUBLIC "-//mybatis.org//DTD Mapper 3.0//EN"
  "http://mybatis.org/dtd/mybatis-3-mapper.dtd">
   <!-- namespace는 절대로 중복되서는 안된다.  -->
<mapper namespace="com.day.dto.RepBoardMapper">
<!-- 글쓰기, 답쓰기 -->
<insert id="insert" parameterType="repboard">
INSERT INTO repboard(board_no, parent_no, board_id, board_title, board_content, board_viewcount)
VALUES(board_seq.NEXTVAL, #{parentNo}, #{boardC.id}, #{boardTitle}, #{boardContent}, 0)
</insert>
<!--검색 -->
<select id = "selectAll" resultType="repboard">
SELECT level, repboard.*, board_id "boardC.id"
FROM repboard
START WITH parent_no = 0
CONNECT BY PRIOR board_no = parent_no
ORDER SIBLINGS BY board_no DESC
</select>
<select id="selectByWord" resultType="repboard">
SELECT repboard.*, board_id "boardC.id"
FROM repboard
WHERE board_title LIKE '%${word}%' OR board_content LIKE '%${word}%'
</select>
<select id="selectByNo" parameterType="Integer" resultType="repboard">
SELECT repboard.*, board_id "boardC.id"
FROM repboard
WHERE board_no = ${boardNo}
</select>
<update id = "plusViewCount">
UPDATE repboard SET board_viewcount = board_viewcount+1 where board_no=#{boardNo}
</update>
<update id = "update">
UPDATE repboard
SET board_content = #{boardContent}
WHERE board_no=#{boardNo} AND board_id=#{boardC.id}
</update>
<delete id="deleteWrite" parameterType="repboard">
DELETE FROM repboard
WHERE board_no=#{boardNo} AND board_id=#{boardC.id}
</delete>

<delete id="deleteReply" parameterType="int">
DELETE FROM repboard
WHERE board_no IN(
  SELECT board_no
  FROM ( 
    SELECT rownum r, a.*
    FROM (
       SELECT *
       FROM repboard
       ORDER BY board_no desc
     ) a  
  START WITH parent_no = #{board_no} 
  CONNECT BY PRIOR board_no = parent_no
)
)
</delete>


</mapper> 
 